Id,Amount,CloseDate,Name,StageName
006T700000G60VZIAZ,10000,2026-12-31,MDD_1flyyIo0_Opp_001,Prospecting
006T700000G60VaIAJ,20000,2026-12-31,MDD_1flyyIo0_Opp_002,Prospecting
006T700000G60VbIAJ,30000,2026-12-31,MDD_1flyyIo0_Opp_003,Prospecting
006T700000G60VcIAJ,40000,2026-12-31,MDD_1flyyIo0_Opp_004,Prospecting
006T700000G60VdIAJ,50000,2026-12-31,MDD_1flyyIo0_Opp_005,Prospecting
006T700000G60VeIAJ,60000,2026-12-31,MDD_1flyyIo0_Opp_006,Prospecting
006T700000G60VfIAJ,70000,2026-12-31,MDD_1flyyIo0_Opp_007,Prospecting
006T700000G60VgIAJ,80000,2026-12-31,MDD_1flyyIo0_Opp_008,Prospecting
006T700000G60VhIAJ,90000,2026-12-31,MDD_1flyyIo0_Opp_009,Prospecting
006T700000G60ViIAJ,100000,2026-12-31,MDD_1flyyIo0_Opp_010,Prospecting
006T700000G61LBIAZ,10000,2026-12-31,MDD_B3tbFDyp_Opp_001,Prospecting
006T700000G61LCIAZ,20000,2026-12-31,MDD_B3tbFDyp_Opp_002,Prospecting
006T700000G61LDIAZ,30000,2026-12-31,MDD_B3tbFDyp_Opp_003,Prospecting
006T700000G61LEIAZ,40000,2026-12-31,MDD_B3tbFDyp_Opp_004,Prospecting
006T700000G61LFIAZ,50000,2026-12-31,MDD_B3tbFDyp_Opp_005,Prospecting
006T700000G61LGIAZ,60000,2026-12-31,MDD_B3tbFDyp_Opp_006,Prospecting
006T700000G61LHIAZ,70000,2026-12-31,MDD_B3tbFDyp_Opp_007,Prospecting
006T700000G61LIIAZ,80000,2026-12-31,MDD_B3tbFDyp_Opp_008,Prospecting
006T700000G61LJIAZ,90000,2026-12-31,MDD_B3tbFDyp_Opp_009,Prospecting
006T700000G61LKIAZ,100000,2026-12-31,MDD_B3tbFDyp_Opp_010,Prospecting
006T700000G63GXIAZ,10000,2026-12-31,MDD_XMytfguB_Opp_001,Prospecting
006T700000G63GYIAZ,20000,2026-12-31,MDD_XMytfguB_Opp_002,Prospecting
006T700000G63GZIAZ,30000,2026-12-31,MDD_XMytfguB_Opp_003,Prospecting
006T700000G63GaIAJ,40000,2026-12-31,MDD_XMytfguB_Opp_004,Prospecting
006T700000G63GbIAJ,50000,2026-12-31,MDD_XMytfguB_Opp_005,Prospecting
006T700000G63GcIAJ,60000,2026-12-31,MDD_XMytfguB_Opp_006,Prospecting
006T700000G63GdIAJ,70000,2026-12-31,MDD_XMytfguB_Opp_007,Prospecting
006T700000G63GeIAJ,80000,2026-12-31,MDD_XMytfguB_Opp_008,Prospecting
006T700000G63GfIAJ,90000,2026-12-31,MDD_XMytfguB_Opp_009,Prospecting
006T700000G63GgIAJ,100000,2026-12-31,MDD_XMytfguB_Opp_010,Prospecting
006T700000G65ARIAZ,10000,2026-12-31,MDD_V0YxhA8J_Opp_001,Prospecting
006T700000G65ASIAZ,20000,2026-12-31,MDD_V0YxhA8J_Opp_002,Prospecting
006T700000G65ATIAZ,30000,2026-12-31,MDD_V0YxhA8J_Opp_003,Prospecting
006T700000G65AUIAZ,40000,2026-12-31,MDD_V0YxhA8J_Opp_004,Prospecting
006T700000G65AVIAZ,50000,2026-12-31,MDD_V0YxhA8J_Opp_005,Prospecting
006T700000G65AWIAZ,60000,2026-12-31,MDD_V0YxhA8J_Opp_006,Prospecting
006T700000G65AXIAZ,70000,2026-12-31,MDD_V0YxhA8J_Opp_007,Prospecting
006T700000G65AYIAZ,80000,2026-12-31,MDD_V0YxhA8J_Opp_008,Prospecting
006T700000G65AZIAZ,90000,2026-12-31,MDD_V0YxhA8J_Opp_009,Prospecting
006T700000G65AaIAJ,100000,2026-12-31,MDD_V0YxhA8J_Opp_010,Prospecting
006T700000G66ZXIAZ,10000,2026-12-31,MDD_dfnLBJ0H_Opp_001,Prospecting
006T700000G66ZYIAZ,20000,2026-12-31,MDD_dfnLBJ0H_Opp_002,Prospecting
006T700000G66ZZIAZ,30000,2026-12-31,MDD_dfnLBJ0H_Opp_003,Prospecting
006T700000G66ZaIAJ,40000,2026-12-31,MDD_dfnLBJ0H_Opp_004,Prospecting
006T700000G66ZbIAJ,50000,2026-12-31,MDD_dfnLBJ0H_Opp_005,Prospecting
006T700000G66ZcIAJ,60000,2026-12-31,MDD_dfnLBJ0H_Opp_006,Prospecting
006T700000G66ZdIAJ,70000,2026-12-31,MDD_dfnLBJ0H_Opp_007,Prospecting
006T700000G66ZeIAJ,80000,2026-12-31,MDD_dfnLBJ0H_Opp_008,Prospecting
006T700000G66ZfIAJ,90000,2026-12-31,MDD_dfnLBJ0H_Opp_009,Prospecting
006T700000G66ZgIAJ,100000,2026-12-31,MDD_dfnLBJ0H_Opp_010,Prospecting
006T700000G67abIAB,10000,2026-12-31,MDD_aKxiYVjT_Opp_001,Prospecting
006T700000G67acIAB,20000,2026-12-31,MDD_aKxiYVjT_Opp_002,Prospecting
006T700000G67adIAB,30000,2026-12-31,MDD_aKxiYVjT_Opp_003,Prospecting
006T700000G67aeIAB,40000,2026-12-31,MDD_aKxiYVjT_Opp_004,Prospecting
006T700000G67afIAB,50000,2026-12-31,MDD_aKxiYVjT_Opp_005,Prospecting
006T700000G67agIAB,60000,2026-12-31,MDD_aKxiYVjT_Opp_006,Prospecting
006T700000G67ahIAB,70000,2026-12-31,MDD_aKxiYVjT_Opp_007,Prospecting
006T700000G67aiIAB,80000,2026-12-31,MDD_aKxiYVjT_Opp_008,Prospecting
006T700000G67ajIAB,90000,2026-12-31,MDD_aKxiYVjT_Opp_009,Prospecting
006T700000G67akIAB,100000,2026-12-31,MDD_aKxiYVjT_Opp_010,Prospecting
006T700000G6A8LIAV,10000,2026-12-31,MDD_tmKqr3BG_Opp_001,Prospecting
006T700000G6A8MIAV,20000,2026-12-31,MDD_tmKqr3BG_Opp_002,Prospecting
006T700000G6A8NIAV,30000,2026-12-31,MDD_tmKqr3BG_Opp_003,Prospecting
006T700000G6A8OIAV,40000,2026-12-31,MDD_tmKqr3BG_Opp_004,Prospecting
006T700000G6A8PIAV,50000,2026-12-31,MDD_tmKqr3BG_Opp_005,Prospecting
006T700000G6A8QIAV,60000,2026-12-31,MDD_tmKqr3BG_Opp_006,Prospecting
006T700000G6A8RIAV,70000,2026-12-31,MDD_tmKqr3BG_Opp_007,Prospecting
006T700000G6A8SIAV,80000,2026-12-31,MDD_tmKqr3BG_Opp_008,Prospecting
006T700000G6A8TIAV,90000,2026-12-31,MDD_tmKqr3BG_Opp_009,Prospecting
006T700000G6A8UIAV,100000,2026-12-31,MDD_tmKqr3BG_Opp_010,Prospecting
006T700000G6NaDIAV,10000,2026-12-31,MDD_joJG7C0o_Opp_001,Prospecting
006T700000G6NaEIAV,20000,2026-12-31,MDD_joJG7C0o_Opp_002,Prospecting
006T700000G6NaFIAV,30000,2026-12-31,MDD_joJG7C0o_Opp_003,Prospecting
006T700000G6NaGIAV,40000,2026-12-31,MDD_joJG7C0o_Opp_004,Prospecting
006T700000G6NaHIAV,50000,2026-12-31,MDD_joJG7C0o_Opp_005,Prospecting
006T700000G6NaIIAV,60000,2026-12-31,MDD_joJG7C0o_Opp_006,Prospecting
006T700000G6NaJIAV,70000,2026-12-31,MDD_joJG7C0o_Opp_007,Prospecting
006T700000G6NaKIAV,80000,2026-12-31,MDD_joJG7C0o_Opp_008,Prospecting
006T700000G6NaLIAV,90000,2026-12-31,MDD_joJG7C0o_Opp_009,Prospecting
006T700000G6NaMIAV,100000,2026-12-31,MDD_joJG7C0o_Opp_010,Prospecting
006T700000G6XxlIAF,10000,2026-12-31,MDD_86JjLbZZ_Opp_001,Prospecting
006T700000G6XxmIAF,20000,2026-12-31,MDD_86JjLbZZ_Opp_002,Prospecting
006T700000G6XxnIAF,30000,2026-12-31,MDD_86JjLbZZ_Opp_003,Prospecting
006T700000G6XxoIAF,40000,2026-12-31,MDD_86JjLbZZ_Opp_004,Prospecting
006T700000G6XxpIAF,50000,2026-12-31,MDD_86JjLbZZ_Opp_005,Prospecting
006T700000G6XxqIAF,60000,2026-12-31,MDD_86JjLbZZ_Opp_006,Prospecting
006T700000G6XxrIAF,70000,2026-12-31,MDD_86JjLbZZ_Opp_007,Prospecting
006T700000G6XxsIAF,80000,2026-12-31,MDD_86JjLbZZ_Opp_008,Prospecting
006T700000G6XxtIAF,90000,2026-12-31,MDD_86JjLbZZ_Opp_009,Prospecting
006T700000G6XxuIAF,100000,2026-12-31,MDD_86JjLbZZ_Opp_010,Prospecting
006T700000G6diDIAR,10000,2026-12-31,MDD_NY493UAw_Opp_001,Prospecting
006T700000G6diEIAR,20000,2026-12-31,MDD_NY493UAw_Opp_002,Prospecting
006T700000G6diFIAR,30000,2026-12-31,MDD_NY493UAw_Opp_003,Prospecting
006T700000G6diGIAR,40000,2026-12-31,MDD_NY493UAw_Opp_004,Prospecting
006T700000G6diHIAR,50000,2026-12-31,MDD_NY493UAw_Opp_005,Prospecting
006T700000G6diIIAR,60000,2026-12-31,MDD_NY493UAw_Opp_006,Prospecting
006T700000G6diJIAR,70000,2026-12-31,MDD_NY493UAw_Opp_007,Prospecting
006T700000G6diKIAR,80000,2026-12-31,MDD_NY493UAw_Opp_008,Prospecting
006T700000G6diLIAR,90000,2026-12-31,MDD_NY493UAw_Opp_009,Prospecting
006T700000G6diMIAR,100000,2026-12-31,MDD_NY493UAw_Opp_010,Prospecting
006T700000G6idXIAR,10000,2026-12-31,MDD_GQQ839jn_Opp_001,Prospecting
006T700000G6idYIAR,20000,2026-12-31,MDD_GQQ839jn_Opp_002,Prospecting
006T700000G6idZIAR,30000,2026-12-31,MDD_GQQ839jn_Opp_003,Prospecting
006T700000G6idaIAB,40000,2026-12-31,MDD_GQQ839jn_Opp_004,Prospecting
006T700000G6idbIAB,50000,2026-12-31,MDD_GQQ839jn_Opp_005,Prospecting
006T700000G6idcIAB,60000,2026-12-31,MDD_GQQ839jn_Opp_006,Prospecting
006T700000G6iddIAB,70000,2026-12-31,MDD_GQQ839jn_Opp_007,Prospecting
006T700000G6ideIAB,80000,2026-12-31,MDD_GQQ839jn_Opp_008,Prospecting
006T700000G6idfIAB,90000,2026-12-31,MDD_GQQ839jn_Opp_009,Prospecting
006T700000G6idgIAB,100000,2026-12-31,MDD_GQQ839jn_Opp_010,Prospecting
006T700000G6lOLIAZ,10000,2026-12-31,MDD_7x9UbVFO_Opp_001,Prospecting
006T700000G6lOMIAZ,20000,2026-12-31,MDD_7x9UbVFO_Opp_002,Prospecting
006T700000G6lONIAZ,30000,2026-12-31,MDD_7x9UbVFO_Opp_003,Prospecting
006T700000G6lOOIAZ,40000,2026-12-31,MDD_7x9UbVFO_Opp_004,Prospecting
006T700000G6lOPIAZ,50000,2026-12-31,MDD_7x9UbVFO_Opp_005,Prospecting
006T700000G6lOQIAZ,60000,2026-12-31,MDD_7x9UbVFO_Opp_006,Prospecting
006T700000G6lORIAZ,70000,2026-12-31,MDD_7x9UbVFO_Opp_007,Prospecting
006T700000G6lOSIAZ,80000,2026-12-31,MDD_7x9UbVFO_Opp_008,Prospecting
006T700000G6lOTIAZ,90000,2026-12-31,MDD_7x9UbVFO_Opp_009,Prospecting
006T700000G6lOUIAZ,100000,2026-12-31,MDD_7x9UbVFO_Opp_010,Prospecting
006T700000G6o7XIAR,10000,2026-12-31,MDD_YvxufebZ_Opp_001,Prospecting
006T700000G6o7YIAR,20000,2026-12-31,MDD_YvxufebZ_Opp_002,Prospecting
006T700000G6o7ZIAR,30000,2026-12-31,MDD_YvxufebZ_Opp_003,Prospecting
006T700000G6o7aIAB,40000,2026-12-31,MDD_YvxufebZ_Opp_004,Prospecting
006T700000G6o7bIAB,50000,2026-12-31,MDD_YvxufebZ_Opp_005,Prospecting
006T700000G6o7cIAB,60000,2026-12-31,MDD_YvxufebZ_Opp_006,Prospecting
006T700000G6o7dIAB,70000,2026-12-31,MDD_YvxufebZ_Opp_007,Prospecting
006T700000G6o7eIAB,80000,2026-12-31,MDD_YvxufebZ_Opp_008,Prospecting
006T700000G6o7fIAB,90000,2026-12-31,MDD_YvxufebZ_Opp_009,Prospecting
006T700000G6o7gIAB,100000,2026-12-31,MDD_YvxufebZ_Opp_010,Prospecting
006T700000G721JIAR,10000,2026-12-31,MDD_erXnSM9b_Opp_001,Prospecting
006T700000G721KIAR,20000,2026-12-31,MDD_erXnSM9b_Opp_002,Prospecting
006T700000G721LIAR,30000,2026-12-31,MDD_erXnSM9b_Opp_003,Prospecting
006T700000G721MIAR,40000,2026-12-31,MDD_erXnSM9b_Opp_004,Prospecting
006T700000G721NIAR,50000,2026-12-31,MDD_erXnSM9b_Opp_005,Prospecting
006T700000G721OIAR,60000,2026-12-31,MDD_erXnSM9b_Opp_006,Prospecting
006T700000G721PIAR,70000,2026-12-31,MDD_erXnSM9b_Opp_007,Prospecting
006T700000G721QIAR,80000,2026-12-31,MDD_erXnSM9b_Opp_008,Prospecting
006T700000G721RIAR,90000,2026-12-31,MDD_erXnSM9b_Opp_009,Prospecting
006T700000G721SIAR,100000,2026-12-31,MDD_erXnSM9b_Opp_010,Prospecting
006T700000G7DIfIAN,10000,2026-12-31,MDD_dXMZwMJo_Opp_001,Prospecting
006T700000G7DIgIAN,20000,2026-12-31,MDD_dXMZwMJo_Opp_002,Prospecting
006T700000G7DIhIAN,30000,2026-12-31,MDD_dXMZwMJo_Opp_003,Prospecting
006T700000G7DIiIAN,40000,2026-12-31,MDD_dXMZwMJo_Opp_004,Prospecting
006T700000G7DIjIAN,50000,2026-12-31,MDD_dXMZwMJo_Opp_005,Prospecting
006T700000G7DIkIAN,60000,2026-12-31,MDD_dXMZwMJo_Opp_006,Prospecting
006T700000G7DIlIAN,70000,2026-12-31,MDD_dXMZwMJo_Opp_007,Prospecting
006T700000G7DImIAN,80000,2026-12-31,MDD_dXMZwMJo_Opp_008,Prospecting
006T700000G7DInIAN,90000,2026-12-31,MDD_dXMZwMJo_Opp_009,Prospecting
006T700000G7DIoIAN,100000,2026-12-31,MDD_dXMZwMJo_Opp_010,Prospecting
006T700000G7VvpIAF,10000,2026-12-31,MDD_E7gGHhiv_Opp_001,Prospecting
006T700000G7VvqIAF,20000,2026-12-31,MDD_E7gGHhiv_Opp_002,Prospecting
006T700000G7VvrIAF,30000,2026-12-31,MDD_E7gGHhiv_Opp_003,Prospecting
006T700000G7VvsIAF,40000,2026-12-31,MDD_E7gGHhiv_Opp_004,Prospecting
006T700000G7VvtIAF,50000,2026-12-31,MDD_E7gGHhiv_Opp_005,Prospecting
006T700000G7VvuIAF,60000,2026-12-31,MDD_E7gGHhiv_Opp_006,Prospecting
006T700000G7VvvIAF,70000,2026-12-31,MDD_E7gGHhiv_Opp_007,Prospecting
006T700000G7VvwIAF,80000,2026-12-31,MDD_E7gGHhiv_Opp_008,Prospecting
006T700000G7VvxIAF,90000,2026-12-31,MDD_E7gGHhiv_Opp_009,Prospecting
006T700000G7VvyIAF,100000,2026-12-31,MDD_E7gGHhiv_Opp_010,Prospecting
006T700000G89CzIAJ,10000,2026-12-31,AWIL_4vcYL1xI_Opp_001,Prospecting
006T700000G89D0IAJ,20000,2026-12-31,AWIL_4vcYL1xI_Opp_002,Prospecting
006T700000G89D1IAJ,30000,2026-12-31,AWIL_4vcYL1xI_Opp_003,Prospecting
006T700000G89D2IAJ,40000,2026-12-31,AWIL_4vcYL1xI_Opp_004,Prospecting
006T700000G89D3IAJ,50000,2026-12-31,AWIL_4vcYL1xI_Opp_005,Prospecting
006T700000G89D4IAJ,60000,2026-12-31,AWIL_4vcYL1xI_Opp_006,Prospecting
006T700000G89D5IAJ,70000,2026-12-31,AWIL_4vcYL1xI_Opp_007,Prospecting
006T700000G89D6IAJ,80000,2026-12-31,AWIL_4vcYL1xI_Opp_008,Prospecting
006T700000G89D7IAJ,90000,2026-12-31,AWIL_4vcYL1xI_Opp_009,Prospecting
006T700000G89D8IAJ,100000,2026-12-31,AWIL_4vcYL1xI_Opp_010,Prospecting
006T700000G89D9IAJ,110000,2026-12-31,AWIL_4vcYL1xI_Opp_011,Prospecting
006T700000G89DAIAZ,120000,2026-12-31,AWIL_4vcYL1xI_Opp_012,Prospecting
006T700000G89DBIAZ,130000,2026-12-31,AWIL_4vcYL1xI_Opp_013,Prospecting
006T700000G89DCIAZ,140000,2026-12-31,AWIL_4vcYL1xI_Opp_014,Prospecting
006T700000G89DDIAZ,150000,2026-12-31,AWIL_4vcYL1xI_Opp_015,Prospecting
006T700000G89DEIAZ,160000,2026-12-31,AWIL_4vcYL1xI_Opp_016,Prospecting
006T700000G89DFIAZ,170000,2026-12-31,AWIL_4vcYL1xI_Opp_017,Prospecting
006T700000G89DGIAZ,180000,2026-12-31,AWIL_4vcYL1xI_Opp_018,Prospecting
006T700000G89DHIAZ,190000,2026-12-31,AWIL_4vcYL1xI_Opp_019,Prospecting
006T700000G89DIIAZ,200000,2026-12-31,AWIL_4vcYL1xI_Opp_020,Prospecting
006T700000G89DJIAZ,210000,2026-12-31,AWIL_4vcYL1xI_Opp_021,Prospecting
006T700000G89DKIAZ,220000,2026-12-31,AWIL_4vcYL1xI_Opp_022,Prospecting
006T700000G89DLIAZ,230000,2026-12-31,AWIL_4vcYL1xI_Opp_023,Prospecting
006T700000G89DMIAZ,240000,2026-12-31,AWIL_4vcYL1xI_Opp_024,Prospecting
006T700000G89DNIAZ,250000,2026-12-31,AWIL_4vcYL1xI_Opp_025,Prospecting
006T700000G89DOIAZ,260000,2026-12-31,AWIL_4vcYL1xI_Opp_026,Prospecting
006T700000G89DPIAZ,270000,2026-12-31,AWIL_4vcYL1xI_Opp_027,Prospecting
006T700000G89DQIAZ,280000,2026-12-31,AWIL_4vcYL1xI_Opp_028,Prospecting
006T700000G89DRIAZ,290000,2026-12-31,AWIL_4vcYL1xI_Opp_029,Prospecting
006T700000G89DSIAZ,300000,2026-12-31,AWIL_4vcYL1xI_Opp_030,Prospecting
006T700000G89DTIAZ,310000,2026-12-31,AWIL_4vcYL1xI_Opp_031,Prospecting
006T700000G89DUIAZ,320000,2026-12-31,AWIL_4vcYL1xI_Opp_032,Prospecting
006T700000G89DVIAZ,330000,2026-12-31,AWIL_4vcYL1xI_Opp_033,Prospecting
006T700000G89DWIAZ,340000,2026-12-31,AWIL_4vcYL1xI_Opp_034,Prospecting
006T700000G89DXIAZ,350000,2026-12-31,AWIL_4vcYL1xI_Opp_035,Prospecting
006T700000G89DYIAZ,360000,2026-12-31,AWIL_4vcYL1xI_Opp_036,Prospecting
006T700000G89DZIAZ,370000,2026-12-31,AWIL_4vcYL1xI_Opp_037,Prospecting
006T700000G89DaIAJ,380000,2026-12-31,AWIL_4vcYL1xI_Opp_038,Prospecting
006T700000G89DbIAJ,390000,2026-12-31,AWIL_4vcYL1xI_Opp_039,Prospecting
006T700000G89DcIAJ,400000,2026-12-31,AWIL_4vcYL1xI_Opp_040,Prospecting
006T700000G89DdIAJ,410000,2026-12-31,AWIL_4vcYL1xI_Opp_041,Prospecting
006T700000G89DeIAJ,420000,2026-12-31,AWIL_4vcYL1xI_Opp_042,Prospecting
006T700000G89DfIAJ,430000,2026-12-31,AWIL_4vcYL1xI_Opp_043,Prospecting
006T700000G89DgIAJ,440000,2026-12-31,AWIL_4vcYL1xI_Opp_044,Prospecting
006T700000G89DhIAJ,450000,2026-12-31,AWIL_4vcYL1xI_Opp_045,Prospecting
006T700000G89DiIAJ,460000,2026-12-31,AWIL_4vcYL1xI_Opp_046,Prospecting
006T700000G89DjIAJ,470000,2026-12-31,AWIL_4vcYL1xI_Opp_047,Prospecting
006T700000G89DkIAJ,480000,2026-12-31,AWIL_4vcYL1xI_Opp_048,Prospecting
006T700000G89DlIAJ,490000,2026-12-31,AWIL_4vcYL1xI_Opp_049,Prospecting
006T700000G89DmIAJ,500000,2026-12-31,AWIL_4vcYL1xI_Opp_050,Prospecting
006T700000G89EbIAJ,510000,2026-12-31,AWIL_4vcYL1xI_Opp_051,Prospecting
006T700000G89EcIAJ,520000,2026-12-31,AWIL_4vcYL1xI_Opp_052,Prospecting
006T700000G89EdIAJ,530000,2026-12-31,AWIL_4vcYL1xI_Opp_053,Prospecting
006T700000G89EeIAJ,540000,2026-12-31,AWIL_4vcYL1xI_Opp_054,Prospecting
006T700000G89EfIAJ,550000,2026-12-31,AWIL_4vcYL1xI_Opp_055,Prospecting
006T700000G89EgIAJ,560000,2026-12-31,AWIL_4vcYL1xI_Opp_056,Prospecting
006T700000G89EhIAJ,570000,2026-12-31,AWIL_4vcYL1xI_Opp_057,Prospecting
006T700000G89EiIAJ,580000,2026-12-31,AWIL_4vcYL1xI_Opp_058,Prospecting
006T700000G89EjIAJ,590000,2026-12-31,AWIL_4vcYL1xI_Opp_059,Prospecting
006T700000G89EkIAJ,600000,2026-12-31,AWIL_4vcYL1xI_Opp_060,Prospecting
006T700000G89ElIAJ,610000,2026-12-31,AWIL_4vcYL1xI_Opp_061,Prospecting
006T700000G89EmIAJ,620000,2026-12-31,AWIL_4vcYL1xI_Opp_062,Prospecting
006T700000G89EnIAJ,630000,2026-12-31,AWIL_4vcYL1xI_Opp_063,Prospecting
006T700000G89EoIAJ,640000,2026-12-31,AWIL_4vcYL1xI_Opp_064,Prospecting
006T700000G89EpIAJ,650000,2026-12-31,AWIL_4vcYL1xI_Opp_065,Prospecting
006T700000G89EqIAJ,660000,2026-12-31,AWIL_4vcYL1xI_Opp_066,Prospecting
006T700000G89ErIAJ,670000,2026-12-31,AWIL_4vcYL1xI_Opp_067,Prospecting
006T700000G89EsIAJ,680000,2026-12-31,AWIL_4vcYL1xI_Opp_068,Prospecting
006T700000G89EtIAJ,690000,2026-12-31,AWIL_4vcYL1xI_Opp_069,Prospecting
006T700000G89EuIAJ,700000,2026-12-31,AWIL_4vcYL1xI_Opp_070,Prospecting
006T700000G89EvIAJ,710000,2026-12-31,AWIL_4vcYL1xI_Opp_071,Prospecting
006T700000G89EwIAJ,720000,2026-12-31,AWIL_4vcYL1xI_Opp_072,Prospecting
006T700000G89ExIAJ,730000,2026-12-31,AWIL_4vcYL1xI_Opp_073,Prospecting
006T700000G89EyIAJ,740000,2026-12-31,AWIL_4vcYL1xI_Opp_074,Prospecting
006T700000G89EzIAJ,750000,2026-12-31,AWIL_4vcYL1xI_Opp_075,Prospecting
006T700000G89F0IAJ,760000,2026-12-31,AWIL_4vcYL1xI_Opp_076,Prospecting
006T700000G89F1IAJ,770000,2026-12-31,AWIL_4vcYL1xI_Opp_077,Prospecting
006T700000G89F2IAJ,780000,2026-12-31,AWIL_4vcYL1xI_Opp_078,Prospecting
006T700000G89F3IAJ,790000,2026-12-31,AWIL_4vcYL1xI_Opp_079,Prospecting
006T700000G89F4IAJ,800000,2026-12-31,AWIL_4vcYL1xI_Opp_080,Prospecting
006T700000G8YOHIA3,10000,2026-12-31,QWIL_64z53Gqk_Opp_001,Prospecting
006T700000G8YOIIA3,20000,2026-12-31,QWIL_64z53Gqk_Opp_002,Prospecting
006T700000G8YOJIA3,30000,2026-12-31,QWIL_64z53Gqk_Opp_003,Prospecting
006T700000G8YOKIA3,40000,2026-12-31,QWIL_64z53Gqk_Opp_004,Prospecting
006T700000G8YOLIA3,50000,2026-12-31,QWIL_64z53Gqk_Opp_005,Prospecting
006T700000G8YOMIA3,60000,2026-12-31,QWIL_64z53Gqk_Opp_006,Prospecting
006T700000G8YONIA3,70000,2026-12-31,QWIL_64z53Gqk_Opp_007,Prospecting
006T700000G8YOOIA3,80000,2026-12-31,QWIL_64z53Gqk_Opp_008,Prospecting
006T700000G8YOPIA3,90000,2026-12-31,QWIL_64z53Gqk_Opp_009,Prospecting
006T700000G8YOQIA3,100000,2026-12-31,QWIL_64z53Gqk_Opp_010,Prospecting
006T700000G8YORIA3,110000,2026-12-31,QWIL_64z53Gqk_Opp_011,Prospecting
006T700000G8YOSIA3,120000,2026-12-31,QWIL_64z53Gqk_Opp_012,Prospecting
006T700000G8YOTIA3,130000,2026-12-31,QWIL_64z53Gqk_Opp_013,Prospecting
006T700000G8YOUIA3,140000,2026-12-31,QWIL_64z53Gqk_Opp_014,Prospecting
006T700000G8YOVIA3,150000,2026-12-31,QWIL_64z53Gqk_Opp_015,Prospecting
006T700000G8YOWIA3,160000,2026-12-31,QWIL_64z53Gqk_Opp_016,Prospecting
006T700000G8YOXIA3,170000,2026-12-31,QWIL_64z53Gqk_Opp_017,Prospecting
006T700000G8YOYIA3,180000,2026-12-31,QWIL_64z53Gqk_Opp_018,Prospecting
006T700000G8YOZIA3,190000,2026-12-31,QWIL_64z53Gqk_Opp_019,Prospecting
006T700000G8YOaIAN,200000,2026-12-31,QWIL_64z53Gqk_Opp_020,Prospecting
006T700000G8YObIAN,210000,2026-12-31,QWIL_64z53Gqk_Opp_021,Prospecting
006T700000G8YOcIAN,220000,2026-12-31,QWIL_64z53Gqk_Opp_022,Prospecting
006T700000G8YOdIAN,230000,2026-12-31,QWIL_64z53Gqk_Opp_023,Prospecting
006T700000G8YOeIAN,240000,2026-12-31,QWIL_64z53Gqk_Opp_024,Prospecting
006T700000G8YOfIAN,250000,2026-12-31,QWIL_64z53Gqk_Opp_025,Prospecting
006T700000G8YOgIAN,260000,2026-12-31,QWIL_64z53Gqk_Opp_026,Prospecting
006T700000G8YOhIAN,270000,2026-12-31,QWIL_64z53Gqk_Opp_027,Prospecting
006T700000G8YOiIAN,280000,2026-12-31,QWIL_64z53Gqk_Opp_028,Prospecting
006T700000G8YOjIAN,290000,2026-12-31,QWIL_64z53Gqk_Opp_029,Prospecting
006T700000G8YOkIAN,300000,2026-12-31,QWIL_64z53Gqk_Opp_030,Prospecting
006T700000G8YOlIAN,310000,2026-12-31,QWIL_64z53Gqk_Opp_031,Prospecting
006T700000G8YOmIAN,320000,2026-12-31,QWIL_64z53Gqk_Opp_032,Prospecting
006T700000G8YOnIAN,330000,2026-12-31,QWIL_64z53Gqk_Opp_033,Prospecting
006T700000G8YOoIAN,340000,2026-12-31,QWIL_64z53Gqk_Opp_034,Prospecting
006T700000G8YOpIAN,350000,2026-12-31,QWIL_64z53Gqk_Opp_035,Prospecting
006T700000G8YOqIAN,360000,2026-12-31,QWIL_64z53Gqk_Opp_036,Prospecting
006T700000G8YOrIAN,370000,2026-12-31,QWIL_64z53Gqk_Opp_037,Prospecting
006T700000G8YOsIAN,380000,2026-12-31,QWIL_64z53Gqk_Opp_038,Prospecting
006T700000G8YOtIAN,390000,2026-12-31,QWIL_64z53Gqk_Opp_039,Prospecting
006T700000G8YOuIAN,400000,2026-12-31,QWIL_64z53Gqk_Opp_040,Prospecting
006T700000G8YOvIAN,410000,2026-12-31,QWIL_64z53Gqk_Opp_041,Prospecting
006T700000G8YOwIAN,420000,2026-12-31,QWIL_64z53Gqk_Opp_042,Prospecting
006T700000G8YOxIAN,430000,2026-12-31,QWIL_64z53Gqk_Opp_043,Prospecting
006T700000G8YOyIAN,440000,2026-12-31,QWIL_64z53Gqk_Opp_044,Prospecting
006T700000G8YOzIAN,450000,2026-12-31,QWIL_64z53Gqk_Opp_045,Prospecting
006T700000G8YP0IAN,460000,2026-12-31,QWIL_64z53Gqk_Opp_046,Prospecting
006T700000G8YP1IAN,470000,2026-12-31,QWIL_64z53Gqk_Opp_047,Prospecting
006T700000G8YP2IAN,480000,2026-12-31,QWIL_64z53Gqk_Opp_048,Prospecting
006T700000G8YP3IAN,490000,2026-12-31,QWIL_64z53Gqk_Opp_049,Prospecting
006T700000G8YP4IAN,500000,2026-12-31,QWIL_64z53Gqk_Opp_050,Prospecting
006T700000G8YPtIAN,510000,2026-12-31,QWIL_64z53Gqk_Opp_051,Prospecting
006T700000G8YPuIAN,520000,2026-12-31,QWIL_64z53Gqk_Opp_052,Prospecting
006T700000G8YPvIAN,530000,2026-12-31,QWIL_64z53Gqk_Opp_053,Prospecting
006T700000G8YPwIAN,540000,2026-12-31,QWIL_64z53Gqk_Opp_054,Prospecting
006T700000G8YPxIAN,550000,2026-12-31,QWIL_64z53Gqk_Opp_055,Prospecting
006T700000G8YPyIAN,560000,2026-12-31,QWIL_64z53Gqk_Opp_056,Prospecting
006T700000G8YPzIAN,570000,2026-12-31,QWIL_64z53Gqk_Opp_057,Prospecting
006T700000G8YQ0IAN,580000,2026-12-31,QWIL_64z53Gqk_Opp_058,Prospecting
006T700000G8YQ1IAN,590000,2026-12-31,QWIL_64z53Gqk_Opp_059,Prospecting
006T700000G8YQ2IAN,600000,2026-12-31,QWIL_64z53Gqk_Opp_060,Prospecting
006T700000G8YQ3IAN,610000,2026-12-31,QWIL_64z53Gqk_Opp_061,Prospecting
006T700000G8YQ4IAN,620000,2026-12-31,QWIL_64z53Gqk_Opp_062,Prospecting
006T700000G8YQ5IAN,630000,2026-12-31,QWIL_64z53Gqk_Opp_063,Prospecting
006T700000G8YQ6IAN,640000,2026-12-31,QWIL_64z53Gqk_Opp_064,Prospecting
006T700000G8YQ7IAN,650000,2026-12-31,QWIL_64z53Gqk_Opp_065,Prospecting
006T700000G8YQ8IAN,660000,2026-12-31,QWIL_64z53Gqk_Opp_066,Prospecting
006T700000G8YQ9IAN,670000,2026-12-31,QWIL_64z53Gqk_Opp_067,Prospecting
006T700000G8YQAIA3,680000,2026-12-31,QWIL_64z53Gqk_Opp_068,Prospecting
006T700000G8YQBIA3,690000,2026-12-31,QWIL_64z53Gqk_Opp_069,Prospecting
006T700000G8YQCIA3,700000,2026-12-31,QWIL_64z53Gqk_Opp_070,Prospecting
006T700000G8YQDIA3,710000,2026-12-31,QWIL_64z53Gqk_Opp_071,Prospecting
006T700000G8YQEIA3,720000,2026-12-31,QWIL_64z53Gqk_Opp_072,Prospecting
006T700000G8YQFIA3,730000,2026-12-31,QWIL_64z53Gqk_Opp_073,Prospecting
006T700000G8YQGIA3,740000,2026-12-31,QWIL_64z53Gqk_Opp_074,Prospecting
006T700000G8YQHIA3,750000,2026-12-31,QWIL_64z53Gqk_Opp_075,Prospecting
006T700000G8YQIIA3,760000,2026-12-31,QWIL_64z53Gqk_Opp_076,Prospecting
006T700000G8YQJIA3,770000,2026-12-31,QWIL_64z53Gqk_Opp_077,Prospecting
006T700000G8YQKIA3,780000,2026-12-31,QWIL_64z53Gqk_Opp_078,Prospecting
006T700000G8YQLIA3,790000,2026-12-31,QWIL_64z53Gqk_Opp_079,Prospecting
006T700000G8YQMIA3,800000,2026-12-31,QWIL_64z53Gqk_Opp_080,Prospecting
006T700000G8Z0zIAF,10000,2026-12-31,QWIL_eGWKPxpr_Opp_001,Prospecting
006T700000G8Z10IAF,20000,2026-12-31,QWIL_eGWKPxpr_Opp_002,Prospecting
006T700000G8Z11IAF,30000,2026-12-31,QWIL_eGWKPxpr_Opp_003,Prospecting
006T700000G8Z12IAF,40000,2026-12-31,QWIL_eGWKPxpr_Opp_004,Prospecting
006T700000G8Z13IAF,50000,2026-12-31,QWIL_eGWKPxpr_Opp_005,Prospecting
006T700000G8Z14IAF,60000,2026-12-31,QWIL_eGWKPxpr_Opp_006,Prospecting
006T700000G8Z15IAF,70000,2026-12-31,QWIL_eGWKPxpr_Opp_007,Prospecting
006T700000G8Z16IAF,80000,2026-12-31,QWIL_eGWKPxpr_Opp_008,Prospecting
006T700000G8Z17IAF,90000,2026-12-31,QWIL_eGWKPxpr_Opp_009,Prospecting
006T700000G8Z18IAF,100000,2026-12-31,QWIL_eGWKPxpr_Opp_010,Prospecting
006T700000G8Z19IAF,110000,2026-12-31,QWIL_eGWKPxpr_Opp_011,Prospecting
006T700000G8Z1AIAV,120000,2026-12-31,QWIL_eGWKPxpr_Opp_012,Prospecting
006T700000G8Z1BIAV,130000,2026-12-31,QWIL_eGWKPxpr_Opp_013,Prospecting
006T700000G8Z1CIAV,140000,2026-12-31,QWIL_eGWKPxpr_Opp_014,Prospecting
006T700000G8Z1DIAV,150000,2026-12-31,QWIL_eGWKPxpr_Opp_015,Prospecting
006T700000G8Z1EIAV,160000,2026-12-31,QWIL_eGWKPxpr_Opp_016,Prospecting
006T700000G8Z1FIAV,170000,2026-12-31,QWIL_eGWKPxpr_Opp_017,Prospecting
006T700000G8Z1GIAV,180000,2026-12-31,QWIL_eGWKPxpr_Opp_018,Prospecting
006T700000G8Z1HIAV,190000,2026-12-31,QWIL_eGWKPxpr_Opp_019,Prospecting
006T700000G8Z1IIAV,200000,2026-12-31,QWIL_eGWKPxpr_Opp_020,Prospecting
006T700000G8Z1JIAV,210000,2026-12-31,QWIL_eGWKPxpr_Opp_021,Prospecting
006T700000G8Z1KIAV,220000,2026-12-31,QWIL_eGWKPxpr_Opp_022,Prospecting
006T700000G8Z1LIAV,230000,2026-12-31,QWIL_eGWKPxpr_Opp_023,Prospecting
006T700000G8Z1MIAV,240000,2026-12-31,QWIL_eGWKPxpr_Opp_024,Prospecting
006T700000G8Z1NIAV,250000,2026-12-31,QWIL_eGWKPxpr_Opp_025,Prospecting
006T700000G8Z1OIAV,260000,2026-12-31,QWIL_eGWKPxpr_Opp_026,Prospecting
006T700000G8Z1PIAV,270000,2026-12-31,QWIL_eGWKPxpr_Opp_027,Prospecting
006T700000G8Z1QIAV,280000,2026-12-31,QWIL_eGWKPxpr_Opp_028,Prospecting
006T700000G8Z1RIAV,290000,2026-12-31,QWIL_eGWKPxpr_Opp_029,Prospecting
006T700000G8Z1SIAV,300000,2026-12-31,QWIL_eGWKPxpr_Opp_030,Prospecting
006T700000G8Z1TIAV,310000,2026-12-31,QWIL_eGWKPxpr_Opp_031,Prospecting
006T700000G8Z1UIAV,320000,2026-12-31,QWIL_eGWKPxpr_Opp_032,Prospecting
006T700000G8Z1VIAV,330000,2026-12-31,QWIL_eGWKPxpr_Opp_033,Prospecting
006T700000G8Z1WIAV,340000,2026-12-31,QWIL_eGWKPxpr_Opp_034,Prospecting
006T700000G8Z1XIAV,350000,2026-12-31,QWIL_eGWKPxpr_Opp_035,Prospecting
006T700000G8Z1YIAV,360000,2026-12-31,QWIL_eGWKPxpr_Opp_036,Prospecting
006T700000G8Z1ZIAV,370000,2026-12-31,QWIL_eGWKPxpr_Opp_037,Prospecting
006T700000G8Z1aIAF,380000,2026-12-31,QWIL_eGWKPxpr_Opp_038,Prospecting
006T700000G8Z1bIAF,390000,2026-12-31,QWIL_eGWKPxpr_Opp_039,Prospecting
006T700000G8Z1cIAF,400000,2026-12-31,QWIL_eGWKPxpr_Opp_040,Prospecting
006T700000G8Z1dIAF,410000,2026-12-31,QWIL_eGWKPxpr_Opp_041,Prospecting
006T700000G8Z1eIAF,420000,2026-12-31,QWIL_eGWKPxpr_Opp_042,Prospecting
006T700000G8Z1fIAF,430000,2026-12-31,QWIL_eGWKPxpr_Opp_043,Prospecting
006T700000G8Z1gIAF,440000,2026-12-31,QWIL_eGWKPxpr_Opp_044,Prospecting
006T700000G8Z1hIAF,450000,2026-12-31,QWIL_eGWKPxpr_Opp_045,Prospecting
006T700000G8Z1iIAF,460000,2026-12-31,QWIL_eGWKPxpr_Opp_046,Prospecting
006T700000G8Z1jIAF,470000,2026-12-31,QWIL_eGWKPxpr_Opp_047,Prospecting
006T700000G8Z1kIAF,480000,2026-12-31,QWIL_eGWKPxpr_Opp_048,Prospecting
006T700000G8Z1lIAF,490000,2026-12-31,QWIL_eGWKPxpr_Opp_049,Prospecting
006T700000G8Z1mIAF,500000,2026-12-31,QWIL_eGWKPxpr_Opp_050,Prospecting
006T700000G8Z2bIAF,510000,2026-12-31,QWIL_eGWKPxpr_Opp_051,Prospecting
006T700000G8Z2cIAF,520000,2026-12-31,QWIL_eGWKPxpr_Opp_052,Prospecting
006T700000G8Z2dIAF,530000,2026-12-31,QWIL_eGWKPxpr_Opp_053,Prospecting
006T700000G8Z2eIAF,540000,2026-12-31,QWIL_eGWKPxpr_Opp_054,Prospecting
006T700000G8Z2fIAF,550000,2026-12-31,QWIL_eGWKPxpr_Opp_055,Prospecting
006T700000G8Z2gIAF,560000,2026-12-31,QWIL_eGWKPxpr_Opp_056,Prospecting
006T700000G8Z2hIAF,570000,2026-12-31,QWIL_eGWKPxpr_Opp_057,Prospecting
006T700000G8Z2iIAF,580000,2026-12-31,QWIL_eGWKPxpr_Opp_058,Prospecting
006T700000G8Z2jIAF,590000,2026-12-31,QWIL_eGWKPxpr_Opp_059,Prospecting
006T700000G8Z2kIAF,600000,2026-12-31,QWIL_eGWKPxpr_Opp_060,Prospecting
006T700000G8Z2lIAF,610000,2026-12-31,QWIL_eGWKPxpr_Opp_061,Prospecting
006T700000G8Z2mIAF,620000,2026-12-31,QWIL_eGWKPxpr_Opp_062,Prospecting
006T700000G8Z2nIAF,630000,2026-12-31,QWIL_eGWKPxpr_Opp_063,Prospecting
006T700000G8Z2oIAF,640000,2026-12-31,QWIL_eGWKPxpr_Opp_064,Prospecting
006T700000G8Z2pIAF,650000,2026-12-31,QWIL_eGWKPxpr_Opp_065,Prospecting
006T700000G8Z2qIAF,660000,2026-12-31,QWIL_eGWKPxpr_Opp_066,Prospecting
006T700000G8Z2rIAF,670000,2026-12-31,QWIL_eGWKPxpr_Opp_067,Prospecting
006T700000G8Z2sIAF,680000,2026-12-31,QWIL_eGWKPxpr_Opp_068,Prospecting
006T700000G8Z2tIAF,690000,2026-12-31,QWIL_eGWKPxpr_Opp_069,Prospecting
006T700000G8Z2uIAF,700000,2026-12-31,QWIL_eGWKPxpr_Opp_070,Prospecting
006T700000G8Z2vIAF,710000,2026-12-31,QWIL_eGWKPxpr_Opp_071,Prospecting
006T700000G8Z2wIAF,720000,2026-12-31,QWIL_eGWKPxpr_Opp_072,Prospecting
006T700000G8Z2xIAF,730000,2026-12-31,QWIL_eGWKPxpr_Opp_073,Prospecting
006T700000G8Z2yIAF,740000,2026-12-31,QWIL_eGWKPxpr_Opp_074,Prospecting
006T700000G8Z2zIAF,750000,2026-12-31,QWIL_eGWKPxpr_Opp_075,Prospecting
006T700000G8Z30IAF,760000,2026-12-31,QWIL_eGWKPxpr_Opp_076,Prospecting
006T700000G8Z31IAF,770000,2026-12-31,QWIL_eGWKPxpr_Opp_077,Prospecting
006T700000G8Z32IAF,780000,2026-12-31,QWIL_eGWKPxpr_Opp_078,Prospecting
006T700000G8Z33IAF,790000,2026-12-31,QWIL_eGWKPxpr_Opp_079,Prospecting
006T700000G8Z34IAF,800000,2026-12-31,QWIL_eGWKPxpr_Opp_080,Prospecting
006T700000G8ZYrIAN,10000,2026-12-31,QWIL_dNWfCOdI_Opp_001,Prospecting
006T700000G8ZYsIAN,20000,2026-12-31,QWIL_dNWfCOdI_Opp_002,Prospecting
006T700000G8ZYtIAN,30000,2026-12-31,QWIL_dNWfCOdI_Opp_003,Prospecting
006T700000G8ZYuIAN,40000,2026-12-31,QWIL_dNWfCOdI_Opp_004,Prospecting
006T700000G8ZYvIAN,50000,2026-12-31,QWIL_dNWfCOdI_Opp_005,Prospecting
006T700000G8ZYwIAN,60000,2026-12-31,QWIL_dNWfCOdI_Opp_006,Prospecting
006T700000G8ZYxIAN,70000,2026-12-31,QWIL_dNWfCOdI_Opp_007,Prospecting
006T700000G8ZYyIAN,80000,2026-12-31,QWIL_dNWfCOdI_Opp_008,Prospecting
006T700000G8ZYzIAN,90000,2026-12-31,QWIL_dNWfCOdI_Opp_009,Prospecting
006T700000G8ZZ0IAN,100000,2026-12-31,QWIL_dNWfCOdI_Opp_010,Prospecting
006T700000G8ZZ1IAN,110000,2026-12-31,QWIL_dNWfCOdI_Opp_011,Prospecting
006T700000G8ZZ2IAN,120000,2026-12-31,QWIL_dNWfCOdI_Opp_012,Prospecting
006T700000G8ZZ3IAN,130000,2026-12-31,QWIL_dNWfCOdI_Opp_013,Prospecting
006T700000G8ZZ4IAN,140000,2026-12-31,QWIL_dNWfCOdI_Opp_014,Prospecting
006T700000G8ZZ5IAN,150000,2026-12-31,QWIL_dNWfCOdI_Opp_015,Prospecting
006T700000G8ZZ6IAN,160000,2026-12-31,QWIL_dNWfCOdI_Opp_016,Prospecting
006T700000G8ZZ7IAN,170000,2026-12-31,QWIL_dNWfCOdI_Opp_017,Prospecting
006T700000G8ZZ8IAN,180000,2026-12-31,QWIL_dNWfCOdI_Opp_018,Prospecting
006T700000G8ZZ9IAN,190000,2026-12-31,QWIL_dNWfCOdI_Opp_019,Prospecting
006T700000G8ZZAIA3,200000,2026-12-31,QWIL_dNWfCOdI_Opp_020,Prospecting
006T700000G8ZZBIA3,210000,2026-12-31,QWIL_dNWfCOdI_Opp_021,Prospecting
006T700000G8ZZCIA3,220000,2026-12-31,QWIL_dNWfCOdI_Opp_022,Prospecting
006T700000G8ZZDIA3,230000,2026-12-31,QWIL_dNWfCOdI_Opp_023,Prospecting
006T700000G8ZZEIA3,240000,2026-12-31,QWIL_dNWfCOdI_Opp_024,Prospecting
006T700000G8ZZFIA3,250000,2026-12-31,QWIL_dNWfCOdI_Opp_025,Prospecting
006T700000G8ZZGIA3,260000,2026-12-31,QWIL_dNWfCOdI_Opp_026,Prospecting
006T700000G8ZZHIA3,270000,2026-12-31,QWIL_dNWfCOdI_Opp_027,Prospecting
006T700000G8ZZIIA3,280000,2026-12-31,QWIL_dNWfCOdI_Opp_028,Prospecting
006T700000G8ZZJIA3,290000,2026-12-31,QWIL_dNWfCOdI_Opp_029,Prospecting
006T700000G8ZZKIA3,300000,2026-12-31,QWIL_dNWfCOdI_Opp_030,Prospecting
006T700000G8ZZLIA3,310000,2026-12-31,QWIL_dNWfCOdI_Opp_031,Prospecting
006T700000G8ZZMIA3,320000,2026-12-31,QWIL_dNWfCOdI_Opp_032,Prospecting
006T700000G8ZZNIA3,330000,2026-12-31,QWIL_dNWfCOdI_Opp_033,Prospecting
006T700000G8ZZOIA3,340000,2026-12-31,QWIL_dNWfCOdI_Opp_034,Prospecting
006T700000G8ZZPIA3,350000,2026-12-31,QWIL_dNWfCOdI_Opp_035,Prospecting
006T700000G8ZZQIA3,360000,2026-12-31,QWIL_dNWfCOdI_Opp_036,Prospecting
006T700000G8ZZRIA3,370000,2026-12-31,QWIL_dNWfCOdI_Opp_037,Prospecting
006T700000G8ZZSIA3,380000,2026-12-31,QWIL_dNWfCOdI_Opp_038,Prospecting
006T700000G8ZZTIA3,390000,2026-12-31,QWIL_dNWfCOdI_Opp_039,Prospecting
006T700000G8ZZUIA3,400000,2026-12-31,QWIL_dNWfCOdI_Opp_040,Prospecting
006T700000G8ZZVIA3,410000,2026-12-31,QWIL_dNWfCOdI_Opp_041,Prospecting
006T700000G8ZZWIA3,420000,2026-12-31,QWIL_dNWfCOdI_Opp_042,Prospecting
006T700000G8ZZXIA3,430000,2026-12-31,QWIL_dNWfCOdI_Opp_043,Prospecting
006T700000G8ZZYIA3,440000,2026-12-31,QWIL_dNWfCOdI_Opp_044,Prospecting
006T700000G8ZZZIA3,450000,2026-12-31,QWIL_dNWfCOdI_Opp_045,Prospecting
006T700000G8ZZaIAN,460000,2026-12-31,QWIL_dNWfCOdI_Opp_046,Prospecting
006T700000G8ZZbIAN,470000,2026-12-31,QWIL_dNWfCOdI_Opp_047,Prospecting
006T700000G8ZZcIAN,480000,2026-12-31,QWIL_dNWfCOdI_Opp_048,Prospecting
006T700000G8ZZdIAN,490000,2026-12-31,QWIL_dNWfCOdI_Opp_049,Prospecting
006T700000G8ZZeIAN,500000,2026-12-31,QWIL_dNWfCOdI_Opp_050,Prospecting
006T700000G8ZaTIAV,510000,2026-12-31,QWIL_dNWfCOdI_Opp_051,Prospecting
006T700000G8ZaUIAV,520000,2026-12-31,QWIL_dNWfCOdI_Opp_052,Prospecting
006T700000G8ZaVIAV,530000,2026-12-31,QWIL_dNWfCOdI_Opp_053,Prospecting
006T700000G8ZaWIAV,540000,2026-12-31,QWIL_dNWfCOdI_Opp_054,Prospecting
006T700000G8ZaXIAV,550000,2026-12-31,QWIL_dNWfCOdI_Opp_055,Prospecting
006T700000G8ZaYIAV,560000,2026-12-31,QWIL_dNWfCOdI_Opp_056,Prospecting
006T700000G8ZaZIAV,570000,2026-12-31,QWIL_dNWfCOdI_Opp_057,Prospecting
006T700000G8ZaaIAF,580000,2026-12-31,QWIL_dNWfCOdI_Opp_058,Prospecting
006T700000G8ZabIAF,590000,2026-12-31,QWIL_dNWfCOdI_Opp_059,Prospecting
006T700000G8ZacIAF,600000,2026-12-31,QWIL_dNWfCOdI_Opp_060,Prospecting
006T700000G8ZadIAF,610000,2026-12-31,QWIL_dNWfCOdI_Opp_061,Prospecting
006T700000G8ZaeIAF,620000,2026-12-31,QWIL_dNWfCOdI_Opp_062,Prospecting
006T700000G8ZafIAF,630000,2026-12-31,QWIL_dNWfCOdI_Opp_063,Prospecting
006T700000G8ZagIAF,640000,2026-12-31,QWIL_dNWfCOdI_Opp_064,Prospecting
006T700000G8ZahIAF,650000,2026-12-31,QWIL_dNWfCOdI_Opp_065,Prospecting
006T700000G8ZaiIAF,660000,2026-12-31,QWIL_dNWfCOdI_Opp_066,Prospecting
006T700000G8ZajIAF,670000,2026-12-31,QWIL_dNWfCOdI_Opp_067,Prospecting
006T700000G8ZakIAF,680000,2026-12-31,QWIL_dNWfCOdI_Opp_068,Prospecting
006T700000G8ZalIAF,690000,2026-12-31,QWIL_dNWfCOdI_Opp_069,Prospecting
006T700000G8ZamIAF,700000,2026-12-31,QWIL_dNWfCOdI_Opp_070,Prospecting
006T700000G8ZanIAF,710000,2026-12-31,QWIL_dNWfCOdI_Opp_071,Prospecting
006T700000G8ZaoIAF,720000,2026-12-31,QWIL_dNWfCOdI_Opp_072,Prospecting
006T700000G8ZapIAF,730000,2026-12-31,QWIL_dNWfCOdI_Opp_073,Prospecting
006T700000G8ZaqIAF,740000,2026-12-31,QWIL_dNWfCOdI_Opp_074,Prospecting
006T700000G8ZarIAF,750000,2026-12-31,QWIL_dNWfCOdI_Opp_075,Prospecting
006T700000G8ZasIAF,760000,2026-12-31,QWIL_dNWfCOdI_Opp_076,Prospecting
006T700000G8ZatIAF,770000,2026-12-31,QWIL_dNWfCOdI_Opp_077,Prospecting
006T700000G8ZauIAF,780000,2026-12-31,QWIL_dNWfCOdI_Opp_078,Prospecting
006T700000G8ZavIAF,790000,2026-12-31,QWIL_dNWfCOdI_Opp_079,Prospecting
006T700000G8ZawIAF,800000,2026-12-31,QWIL_dNWfCOdI_Opp_080,Prospecting
006T700000G8a1tIAB,10000,2026-12-31,QWIL_2XjoTrvq_Opp_001,Prospecting
006T700000G8a1uIAB,20000,2026-12-31,QWIL_2XjoTrvq_Opp_002,Prospecting
006T700000G8a1vIAB,30000,2026-12-31,QWIL_2XjoTrvq_Opp_003,Prospecting
006T700000G8a1wIAB,40000,2026-12-31,QWIL_2XjoTrvq_Opp_004,Prospecting
006T700000G8a1xIAB,50000,2026-12-31,QWIL_2XjoTrvq_Opp_005,Prospecting
006T700000G8a1yIAB,60000,2026-12-31,QWIL_2XjoTrvq_Opp_006,Prospecting
006T700000G8a1zIAB,70000,2026-12-31,QWIL_2XjoTrvq_Opp_007,Prospecting
006T700000G8a20IAB,80000,2026-12-31,QWIL_2XjoTrvq_Opp_008,Prospecting
006T700000G8a21IAB,90000,2026-12-31,QWIL_2XjoTrvq_Opp_009,Prospecting
006T700000G8a22IAB,100000,2026-12-31,QWIL_2XjoTrvq_Opp_010,Prospecting
006T700000G8a23IAB,110000,2026-12-31,QWIL_2XjoTrvq_Opp_011,Prospecting
006T700000G8a24IAB,120000,2026-12-31,QWIL_2XjoTrvq_Opp_012,Prospecting
006T700000G8a25IAB,130000,2026-12-31,QWIL_2XjoTrvq_Opp_013,Prospecting
006T700000G8a26IAB,140000,2026-12-31,QWIL_2XjoTrvq_Opp_014,Prospecting
006T700000G8a27IAB,150000,2026-12-31,QWIL_2XjoTrvq_Opp_015,Prospecting
006T700000G8a28IAB,160000,2026-12-31,QWIL_2XjoTrvq_Opp_016,Prospecting
006T700000G8a29IAB,170000,2026-12-31,QWIL_2XjoTrvq_Opp_017,Prospecting
006T700000G8a2AIAR,180000,2026-12-31,QWIL_2XjoTrvq_Opp_018,Prospecting
006T700000G8a2BIAR,190000,2026-12-31,QWIL_2XjoTrvq_Opp_019,Prospecting
006T700000G8a2CIAR,200000,2026-12-31,QWIL_2XjoTrvq_Opp_020,Prospecting
006T700000G8a2DIAR,210000,2026-12-31,QWIL_2XjoTrvq_Opp_021,Prospecting
006T700000G8a2EIAR,220000,2026-12-31,QWIL_2XjoTrvq_Opp_022,Prospecting
006T700000G8a2FIAR,230000,2026-12-31,QWIL_2XjoTrvq_Opp_023,Prospecting
006T700000G8a2GIAR,240000,2026-12-31,QWIL_2XjoTrvq_Opp_024,Prospecting
006T700000G8a2HIAR,250000,2026-12-31,QWIL_2XjoTrvq_Opp_025,Prospecting
006T700000G8a2IIAR,260000,2026-12-31,QWIL_2XjoTrvq_Opp_026,Prospecting
006T700000G8a2JIAR,270000,2026-12-31,QWIL_2XjoTrvq_Opp_027,Prospecting
006T700000G8a2KIAR,280000,2026-12-31,QWIL_2XjoTrvq_Opp_028,Prospecting
006T700000G8a2LIAR,290000,2026-12-31,QWIL_2XjoTrvq_Opp_029,Prospecting
006T700000G8a2MIAR,300000,2026-12-31,QWIL_2XjoTrvq_Opp_030,Prospecting
006T700000G8a2NIAR,310000,2026-12-31,QWIL_2XjoTrvq_Opp_031,Prospecting
006T700000G8a2OIAR,320000,2026-12-31,QWIL_2XjoTrvq_Opp_032,Prospecting
006T700000G8a2PIAR,330000,2026-12-31,QWIL_2XjoTrvq_Opp_033,Prospecting
006T700000G8a2QIAR,340000,2026-12-31,QWIL_2XjoTrvq_Opp_034,Prospecting
006T700000G8a2RIAR,350000,2026-12-31,QWIL_2XjoTrvq_Opp_035,Prospecting
006T700000G8a2SIAR,360000,2026-12-31,QWIL_2XjoTrvq_Opp_036,Prospecting
006T700000G8a2TIAR,370000,2026-12-31,QWIL_2XjoTrvq_Opp_037,Prospecting
006T700000G8a2UIAR,380000,2026-12-31,QWIL_2XjoTrvq_Opp_038,Prospecting
006T700000G8a2VIAR,390000,2026-12-31,QWIL_2XjoTrvq_Opp_039,Prospecting
006T700000G8a2WIAR,400000,2026-12-31,QWIL_2XjoTrvq_Opp_040,Prospecting
006T700000G8a2XIAR,410000,2026-12-31,QWIL_2XjoTrvq_Opp_041,Prospecting
006T700000G8a2YIAR,420000,2026-12-31,QWIL_2XjoTrvq_Opp_042,Prospecting
006T700000G8a2ZIAR,430000,2026-12-31,QWIL_2XjoTrvq_Opp_043,Prospecting
006T700000G8a2aIAB,440000,2026-12-31,QWIL_2XjoTrvq_Opp_044,Prospecting
006T700000G8a2bIAB,450000,2026-12-31,QWIL_2XjoTrvq_Opp_045,Prospecting
006T700000G8a2cIAB,460000,2026-12-31,QWIL_2XjoTrvq_Opp_046,Prospecting
006T700000G8a2dIAB,470000,2026-12-31,QWIL_2XjoTrvq_Opp_047,Prospecting
006T700000G8a2eIAB,480000,2026-12-31,QWIL_2XjoTrvq_Opp_048,Prospecting
006T700000G8a2fIAB,490000,2026-12-31,QWIL_2XjoTrvq_Opp_049,Prospecting
006T700000G8a2gIAB,500000,2026-12-31,QWIL_2XjoTrvq_Opp_050,Prospecting
006T700000G8a3VIAR,510000,2026-12-31,QWIL_2XjoTrvq_Opp_051,Prospecting
006T700000G8a3WIAR,520000,2026-12-31,QWIL_2XjoTrvq_Opp_052,Prospecting
006T700000G8a3XIAR,530000,2026-12-31,QWIL_2XjoTrvq_Opp_053,Prospecting
006T700000G8a3YIAR,540000,2026-12-31,QWIL_2XjoTrvq_Opp_054,Prospecting
006T700000G8a3ZIAR,550000,2026-12-31,QWIL_2XjoTrvq_Opp_055,Prospecting
006T700000G8a3aIAB,560000,2026-12-31,QWIL_2XjoTrvq_Opp_056,Prospecting
006T700000G8a3bIAB,570000,2026-12-31,QWIL_2XjoTrvq_Opp_057,Prospecting
006T700000G8a3cIAB,580000,2026-12-31,QWIL_2XjoTrvq_Opp_058,Prospecting
006T700000G8a3dIAB,590000,2026-12-31,QWIL_2XjoTrvq_Opp_059,Prospecting
006T700000G8a3eIAB,600000,2026-12-31,QWIL_2XjoTrvq_Opp_060,Prospecting
006T700000G8a3fIAB,610000,2026-12-31,QWIL_2XjoTrvq_Opp_061,Prospecting
006T700000G8a3gIAB,620000,2026-12-31,QWIL_2XjoTrvq_Opp_062,Prospecting
006T700000G8a3hIAB,630000,2026-12-31,QWIL_2XjoTrvq_Opp_063,Prospecting
006T700000G8a3iIAB,640000,2026-12-31,QWIL_2XjoTrvq_Opp_064,Prospecting
006T700000G8a3jIAB,650000,2026-12-31,QWIL_2XjoTrvq_Opp_065,Prospecting
006T700000G8a3kIAB,660000,2026-12-31,QWIL_2XjoTrvq_Opp_066,Prospecting
006T700000G8a3lIAB,670000,2026-12-31,QWIL_2XjoTrvq_Opp_067,Prospecting
006T700000G8a3mIAB,680000,2026-12-31,QWIL_2XjoTrvq_Opp_068,Prospecting
006T700000G8a3nIAB,690000,2026-12-31,QWIL_2XjoTrvq_Opp_069,Prospecting
006T700000G8a3oIAB,700000,2026-12-31,QWIL_2XjoTrvq_Opp_070,Prospecting
006T700000G8a3pIAB,710000,2026-12-31,QWIL_2XjoTrvq_Opp_071,Prospecting
006T700000G8a3qIAB,720000,2026-12-31,QWIL_2XjoTrvq_Opp_072,Prospecting
006T700000G8a3rIAB,730000,2026-12-31,QWIL_2XjoTrvq_Opp_073,Prospecting
006T700000G8a3sIAB,740000,2026-12-31,QWIL_2XjoTrvq_Opp_074,Prospecting
006T700000G8a3tIAB,750000,2026-12-31,QWIL_2XjoTrvq_Opp_075,Prospecting
006T700000G8a3uIAB,760000,2026-12-31,QWIL_2XjoTrvq_Opp_076,Prospecting
006T700000G8a3vIAB,770000,2026-12-31,QWIL_2XjoTrvq_Opp_077,Prospecting
006T700000G8a3wIAB,780000,2026-12-31,QWIL_2XjoTrvq_Opp_078,Prospecting
006T700000G8a3xIAB,790000,2026-12-31,QWIL_2XjoTrvq_Opp_079,Prospecting
006T700000G8a3yIAB,800000,2026-12-31,QWIL_2XjoTrvq_Opp_080,Prospecting
006T700000G8b87IAB,10000,2026-12-31,QWIL_RJUdPeDe_Opp_001,Prospecting
006T700000G8b88IAB,20000,2026-12-31,QWIL_RJUdPeDe_Opp_002,Prospecting
006T700000G8b89IAB,30000,2026-12-31,QWIL_RJUdPeDe_Opp_003,Prospecting
006T700000G8b8AIAR,40000,2026-12-31,QWIL_RJUdPeDe_Opp_004,Prospecting
006T700000G8b8BIAR,50000,2026-12-31,QWIL_RJUdPeDe_Opp_005,Prospecting
006T700000G8b8CIAR,60000,2026-12-31,QWIL_RJUdPeDe_Opp_006,Prospecting
006T700000G8b8DIAR,70000,2026-12-31,QWIL_RJUdPeDe_Opp_007,Prospecting
006T700000G8b8EIAR,80000,2026-12-31,QWIL_RJUdPeDe_Opp_008,Prospecting
006T700000G8b8FIAR,90000,2026-12-31,QWIL_RJUdPeDe_Opp_009,Prospecting
006T700000G8b8GIAR,100000,2026-12-31,QWIL_RJUdPeDe_Opp_010,Prospecting
006T700000G8b8HIAR,110000,2026-12-31,QWIL_RJUdPeDe_Opp_011,Prospecting
006T700000G8b8IIAR,120000,2026-12-31,QWIL_RJUdPeDe_Opp_012,Prospecting
006T700000G8b8JIAR,130000,2026-12-31,QWIL_RJUdPeDe_Opp_013,Prospecting
006T700000G8b8KIAR,140000,2026-12-31,QWIL_RJUdPeDe_Opp_014,Prospecting
006T700000G8b8LIAR,150000,2026-12-31,QWIL_RJUdPeDe_Opp_015,Prospecting
006T700000G8b8MIAR,160000,2026-12-31,QWIL_RJUdPeDe_Opp_016,Prospecting
006T700000G8b8NIAR,170000,2026-12-31,QWIL_RJUdPeDe_Opp_017,Prospecting
006T700000G8b8OIAR,180000,2026-12-31,QWIL_RJUdPeDe_Opp_018,Prospecting
006T700000G8b8PIAR,190000,2026-12-31,QWIL_RJUdPeDe_Opp_019,Prospecting
006T700000G8b8QIAR,200000,2026-12-31,QWIL_RJUdPeDe_Opp_020,Prospecting
006T700000G8b8RIAR,210000,2026-12-31,QWIL_RJUdPeDe_Opp_021,Prospecting
006T700000G8b8SIAR,220000,2026-12-31,QWIL_RJUdPeDe_Opp_022,Prospecting
006T700000G8b8TIAR,230000,2026-12-31,QWIL_RJUdPeDe_Opp_023,Prospecting
006T700000G8b8UIAR,240000,2026-12-31,QWIL_RJUdPeDe_Opp_024,Prospecting
006T700000G8b8VIAR,250000,2026-12-31,QWIL_RJUdPeDe_Opp_025,Prospecting
006T700000G8b8WIAR,260000,2026-12-31,QWIL_RJUdPeDe_Opp_026,Prospecting
006T700000G8b8XIAR,270000,2026-12-31,QWIL_RJUdPeDe_Opp_027,Prospecting
006T700000G8b8YIAR,280000,2026-12-31,QWIL_RJUdPeDe_Opp_028,Prospecting
006T700000G8b8ZIAR,290000,2026-12-31,QWIL_RJUdPeDe_Opp_029,Prospecting
006T700000G8b8aIAB,300000,2026-12-31,QWIL_RJUdPeDe_Opp_030,Prospecting
006T700000G8b8bIAB,310000,2026-12-31,QWIL_RJUdPeDe_Opp_031,Prospecting
006T700000G8b8cIAB,320000,2026-12-31,QWIL_RJUdPeDe_Opp_032,Prospecting
006T700000G8b8dIAB,330000,2026-12-31,QWIL_RJUdPeDe_Opp_033,Prospecting
006T700000G8b8eIAB,340000,2026-12-31,QWIL_RJUdPeDe_Opp_034,Prospecting
006T700000G8b8fIAB,350000,2026-12-31,QWIL_RJUdPeDe_Opp_035,Prospecting
006T700000G8b8gIAB,360000,2026-12-31,QWIL_RJUdPeDe_Opp_036,Prospecting
006T700000G8b8hIAB,370000,2026-12-31,QWIL_RJUdPeDe_Opp_037,Prospecting
006T700000G8b8iIAB,380000,2026-12-31,QWIL_RJUdPeDe_Opp_038,Prospecting
006T700000G8b8jIAB,390000,2026-12-31,QWIL_RJUdPeDe_Opp_039,Prospecting
006T700000G8b8kIAB,400000,2026-12-31,QWIL_RJUdPeDe_Opp_040,Prospecting
006T700000G8b8lIAB,410000,2026-12-31,QWIL_RJUdPeDe_Opp_041,Prospecting
006T700000G8b8mIAB,420000,2026-12-31,QWIL_RJUdPeDe_Opp_042,Prospecting
006T700000G8b8nIAB,430000,2026-12-31,QWIL_RJUdPeDe_Opp_043,Prospecting
006T700000G8b8oIAB,440000,2026-12-31,QWIL_RJUdPeDe_Opp_044,Prospecting
006T700000G8b8pIAB,450000,2026-12-31,QWIL_RJUdPeDe_Opp_045,Prospecting
006T700000G8b8qIAB,460000,2026-12-31,QWIL_RJUdPeDe_Opp_046,Prospecting
006T700000G8b8rIAB,470000,2026-12-31,QWIL_RJUdPeDe_Opp_047,Prospecting
006T700000G8b8sIAB,480000,2026-12-31,QWIL_RJUdPeDe_Opp_048,Prospecting
006T700000G8b8tIAB,490000,2026-12-31,QWIL_RJUdPeDe_Opp_049,Prospecting
006T700000G8b8uIAB,500000,2026-12-31,QWIL_RJUdPeDe_Opp_050,Prospecting
006T700000G8cgPIAR,510000,2026-12-31,QWIL_RJUdPeDe_Opp_051,Prospecting
006T700000G8cgQIAR,520000,2026-12-31,QWIL_RJUdPeDe_Opp_052,Prospecting
006T700000G8cgRIAR,530000,2026-12-31,QWIL_RJUdPeDe_Opp_053,Prospecting
006T700000G8cgSIAR,540000,2026-12-31,QWIL_RJUdPeDe_Opp_054,Prospecting
006T700000G8cgTIAR,550000,2026-12-31,QWIL_RJUdPeDe_Opp_055,Prospecting
006T700000G8cgUIAR,560000,2026-12-31,QWIL_RJUdPeDe_Opp_056,Prospecting
006T700000G8cgVIAR,570000,2026-12-31,QWIL_RJUdPeDe_Opp_057,Prospecting
006T700000G8cgWIAR,580000,2026-12-31,QWIL_RJUdPeDe_Opp_058,Prospecting
006T700000G8cgXIAR,590000,2026-12-31,QWIL_RJUdPeDe_Opp_059,Prospecting
006T700000G8cgYIAR,600000,2026-12-31,QWIL_RJUdPeDe_Opp_060,Prospecting
006T700000G8cgZIAR,610000,2026-12-31,QWIL_RJUdPeDe_Opp_061,Prospecting
006T700000G8cgaIAB,620000,2026-12-31,QWIL_RJUdPeDe_Opp_062,Prospecting
006T700000G8cgbIAB,630000,2026-12-31,QWIL_RJUdPeDe_Opp_063,Prospecting
006T700000G8cgcIAB,640000,2026-12-31,QWIL_RJUdPeDe_Opp_064,Prospecting
006T700000G8cgdIAB,650000,2026-12-31,QWIL_RJUdPeDe_Opp_065,Prospecting
006T700000G8cgeIAB,660000,2026-12-31,QWIL_RJUdPeDe_Opp_066,Prospecting
006T700000G8cgfIAB,670000,2026-12-31,QWIL_RJUdPeDe_Opp_067,Prospecting
006T700000G8cggIAB,680000,2026-12-31,QWIL_RJUdPeDe_Opp_068,Prospecting
006T700000G8cghIAB,690000,2026-12-31,QWIL_RJUdPeDe_Opp_069,Prospecting
006T700000G8cgiIAB,700000,2026-12-31,QWIL_RJUdPeDe_Opp_070,Prospecting
006T700000G8cgjIAB,710000,2026-12-31,QWIL_RJUdPeDe_Opp_071,Prospecting
006T700000G8cgkIAB,720000,2026-12-31,QWIL_RJUdPeDe_Opp_072,Prospecting
006T700000G8cglIAB,730000,2026-12-31,QWIL_RJUdPeDe_Opp_073,Prospecting
006T700000G8cgmIAB,740000,2026-12-31,QWIL_RJUdPeDe_Opp_074,Prospecting
006T700000G8cgnIAB,750000,2026-12-31,QWIL_RJUdPeDe_Opp_075,Prospecting
006T700000G8cgoIAB,760000,2026-12-31,QWIL_RJUdPeDe_Opp_076,Prospecting
006T700000G8cgpIAB,770000,2026-12-31,QWIL_RJUdPeDe_Opp_077,Prospecting
006T700000G8cgqIAB,780000,2026-12-31,QWIL_RJUdPeDe_Opp_078,Prospecting
006T700000G8cgrIAB,790000,2026-12-31,QWIL_RJUdPeDe_Opp_079,Prospecting
006T700000G8cgsIAB,800000,2026-12-31,QWIL_RJUdPeDe_Opp_080,Prospecting
